courseId,chapterId,lessonId,topicId,topicTitle,videoUrl,description,order
course_1,ch_1_01,les_1_01_01,topic_1_01_01_1,Entering the Battlefield – QMS Basics & SOP Gap Review,https://www.youtube.com/watch?v=rAfeJBhGwYQ,"Unlock the essentials of Quality Management Systems (QMS) and discover how to identify and fix SOP gaps. This video provides quick, practical insights to boost your organization’s quality and compliance. Perfect for beginners and quality professionals!",1
course_1,ch_1_01,les_1_01_02,topic_1_01_02_1,Control the Arsenal – Document Versioning & Register Mastery,https://www.youtube.com/watch?v=-WWk8gdnqCc,"Master the art of document control with this guide on versioning and register management. Learn how to keep your records accurate, up-to-date, and audit-ready, ensuring your organization stays compliant and efficient. Perfect for anyone managing quality or regulatory documents!",1
course_1,ch_1_01,les_1_01_03,topic_1_01_03_1,Spot the Breach – Deviation Detection & Rapid Reporting,https://www.youtube.com/watch?v=JvIG72rXh6Y,"Quickly identify deviations and learn rapid reporting techniques to protect your organization’s quality standards. This video covers practical methods to spot breaches early and streamline incident reporting, helping you maintain compliance and prevent bigger issues. Ideal for quality teams and process owners!",1
course_1,ch_1_01,les_1_01_04,topic_1_01_04_1,Strike Back – Root Cause Analysis & CAPA Drafting,https://www.youtube.com/watch?v=f_-7oeQJJi0,"Learn how to tackle problems head-on with effective Root Cause Analysis and CAPA drafting. This video shows you how to uncover the real issues behind deviations and create strong corrective and preventive action plans, keeping your quality system robust and proactive. Perfect for professionals aiming to drive continual improvement",1
course_1,ch_1_01,les_1_01_05,topic_1_01_05_1,First Combat Drill – Internal Audit & Document Inspection Simulation,https://www.youtube.com/watch?v=9mNaAf98Ce8,"Step into your first quality combat drill with an engaging simulation of internal audits and document inspections. This video guides you through practical techniques for auditing and reviewing documents, helping you build confidence and sharpen your skills for real-world compliance challenges. Ideal for beginners and aspiring auditors!",1
course_1,ch_1_01,les_1_01_06,topic_1_01_06_1,Defend the Lab – OOS/OOT Identification & First-line Investigation,https://www.youtube.com/watch?v=rj0NVCIxpKc,"Strengthen your lab’s defenses by mastering OOS (Out of Specification) and OOT (Out of Trend) identification and first-line investigations. This video teaches you how to spot unusual results quickly and initiate effective preliminary actions, safeguarding data integrity and compliance. Perfect for analysts and lab supervisors!",1
course_1,ch_1_01,les_1_01_07,topic_1_01_07_1,Guard the Data – ALCOA+ & Data Integrity Auditing,https://www.youtube.com/watch?v=oBztDkHzpWY,"Learn how to protect your organization’s data with ALCOA+ principles and data integrity auditing. This video explains the pillars of data integrity—Attributable, Legible, Contemporaneous, Original, Accurate, plus additional criteria—and provides practical tips for effective audits. Essential viewing for lab professionals and quality managers!",1
course_1,ch_1_01,les_1_01_08,topic_1_01_08_1,Full-Scale Operation – Deviation to CAPA Lifecycle Simulation,https://www.youtube.com/watch?v=jIEbLMx4QIE,"Experience a full-scale quality operation with this simulation of the entire lifecycle from deviation detection to CAPA implementation. This video walks you through each step—identifying a deviation, investigating the root cause, drafting CAPA, and ensuring follow-up—offering practical insights for managing quality events efficiently. Ideal for quality assurance professionals and teams!",1
course_1,ch_1_01,les_1_01_09,topic_1_01_09_1,The War Game – Integrated QA/QC Crisis Assignment,https://www.youtube.com/watch?v=qBimzO6lthA,"Step into “The War Game” with an integrated QA/QC crisis assignment simulation. This video challenges you to handle real-world quality assurance and quality control emergencies, coordinating rapid responses, investigations, and solutions. Build teamwork, sharpen decision-making, and prepare for any QA/QC crisis!",1
course_1,ch_1_01,les_1_01_10,topic_1_01_10_1,Entering the Battlefield – QMS Basics & SOP Gap Review,https://www.youtube.com/watch?v=rAfeJBhGwYQ,"Unlock the essentials of Quality Management Systems (QMS) and discover how to identify and fix SOP gaps. This video provides quick, practical insights to boost your organization’s quality and compliance. Perfect for beginners and quality professionals!",1
course_1,ch_1_01,les_1_01_10,topic_1_01_10_2,Control the Arsenal – Document Versioning & Register Mastery,https://www.youtube.com/watch?v=-WWk8gdnqCc,"Master the art of document control with this guide on versioning and register management. Learn how to keep your records accurate, up-to-date, and audit-ready, ensuring your organization stays compliant and efficient. Perfect for anyone managing quality or regulatory documents!",1
course_1,ch_1_01,les_1_01_10,topic_1_01_10_3,Spot the Breach – Deviation Detection & Rapid Reporting,https://www.youtube.com/watch?v=JvIG72rXh6Y,"Quickly identify deviations and learn rapid reporting techniques to protect your organization’s quality standards. This video covers practical methods to spot breaches early and streamline incident reporting, helping you maintain compliance and prevent bigger issues. Ideal for quality teams and process owners!",1
course_1,ch_1_01,les_1_01_10,topic_1_01_10_4,Strike Back – Root Cause Analysis & CAPA Drafting,https://www.youtube.com/watch?v=f_-7oeQJJi0,"Learn how to tackle problems head-on with effective Root Cause Analysis and CAPA drafting. This video shows you how to uncover the real issues behind deviations and create strong corrective and preventive action plans, keeping your quality system robust and proactive. Perfect for professionals aiming to drive continual improvement",1
course_1,ch_1_01,les_1_01_10,topic_1_01_10_5,First Combat Drill – Internal Audit & Document Inspection Simulation,https://www.youtube.com/watch?v=9mNaAf98Ce8,"Step into your first quality combat drill with an engaging simulation of internal audits and document inspections. This video guides you through practical techniques for auditing and reviewing documents, helping you build confidence and sharpen your skills for real-world compliance challenges. Ideal for beginners and aspiring auditors!",1
course_1,ch_1_01,les_1_01_10,topic_1_01_10_6,Defend the Lab – OOS/OOT Identification & First-line Investigation,https://www.youtube.com/watch?v=rj0NVCIxpKc,"Strengthen your lab’s defenses by mastering OOS (Out of Specification) and OOT (Out of Trend) identification and first-line investigations. This video teaches you how to spot unusual results quickly and initiate effective preliminary actions, safeguarding data integrity and compliance. Perfect for analysts and lab supervisors!",1
course_1,ch_1_01,les_1_01_10,topic_1_01_10_7,Guard the Data – ALCOA+ & Data Integrity Auditing,https://www.youtube.com/watch?v=oBztDkHzpWY,"Learn how to protect your organization’s data with ALCOA+ principles and data integrity auditing. This video explains the pillars of data integrity—Attributable, Legible, Contemporaneous, Original, Accurate, plus additional criteria—and provides practical tips for effective audits. Essential viewing for lab professionals and quality managers!",1
course_1,ch_1_01,les_1_01_10,topic_1_01_10_8,Full-Scale Operation – Deviation to CAPA Lifecycle Simulation,https://www.youtube.com/watch?v=jIEbLMx4QIE,"Experience a full-scale quality operation with this simulation of the entire lifecycle from deviation detection to CAPA implementation. This video walks you through each step—identifying a deviation, investigating the root cause, drafting CAPA, and ensuring follow-up—offering practical insights for managing quality events efficiently. Ideal for quality assurance professionals and teams!",1
course_1,ch_1_01,les_1_01_10,topic_1_01_10_9,The War Game – Integrated QA/QC Crisis Assignment,https://www.youtube.com/watch?v=qBimzO6lthA,"Step into “The War Game” with an integrated QA/QC crisis assignment simulation. This video challenges you to handle real-world quality assurance and quality control emergencies, coordinating rapid responses, investigations, and solutions. Build teamwork, sharpen decision-making, and prepare for any QA/QC crisis!",1
course_1,ch_1_02,les_1_02_01,topic_1_02_01_1,Entering the Ward Zone – Hospital QMS Framework & Accreditation Codes,https://www.youtube.com/watch?v=KQ0IWnrakRQ,"Introduces the hospital QMS framework and accreditation standards to ensure consistent, high-quality care delivery. Strengthens compliance, quality assurance, and drives continuous improvement across all clinical operations.",1
course_1,ch_1_02,les_1_02_02,topic_1_02_02_1,Code Control – SOP Command Chains & Access Authority,https://www.youtube.com/watch?v=L2NNbN50B9Y,"Defines structured SOP chains and access authority to maintain operational discipline. Ensures accountability, compliance, and secure execution of critical healthcare protocols.",1
course_1,ch_1_02,les_1_02_03,topic_1_02_03_1,Vitals Check – Patient Safety Indicators & Risk Flagging,https://www.youtube.com/watch?v=5OxvXhI69Wo,Enables real-time monitoring of key health parameters with early warning alerts. Supports timely interventions to improve patient safety and clinical outcomes.,1
course_1,ch_1_02,les_1_02_04,topic_1_02_04_1,Contain the Breach – Incident Reporting & Escalation Pathways,https://www.youtube.com/watch?v=sgbmYFiz9JU,Implements a streamlined incident reporting and escalation process for rapid risk mitigation. Enhances accountability and reinforces healthcare safety compliance.,1
course_1,ch_1_02,les_1_02_05,topic_1_02_05_1,Biohazard Defense – Infection Control Protocols & Isolation Measures,https://www.youtube.com/watch?v=hioSDMy5SV8,Enforces stringent infection control protocols and isolation measures to prevent contamination. Protects patients and staff while meeting global healthcare safety standards.,1
course_1,ch_1_02,les_1_02_06,topic_1_02_06_1,Guard the Records – EMR/EHR Data Integrity & Access Logs,https://www.youtube.com/watch?v=VXiqaXK7BfQ,"Safeguards EMR/EHR integrity through robust data security and access control. Maintains accurate patient records, ensuring trust, compliance, and reliable clinical decisions.",1
course_1,ch_1_02,les_1_02_07,topic_1_02_07_1,First Hospital Drill – Ward & Facility Compliance Sweep,https://www.youtube.com/watch?v=iI9E3Z0FPHo,"Conducts a comprehensive ward and facility compliance audit to verify safety standards. Reinforces best practices, reduces risk, and strengthens hospital-wide quality systems.",1
course_1,ch_1_02,les_1_02_08,topic_1_02_08_1,Emergency Response Simulation – From Alarm to Action,https://www.youtube.com/watch?v=_zeRsyp-8s8,"Prepares teams for real-world emergencies with rapid response training. Enhances coordination, confidence, and effectiveness in critical situations.",1
course_1,ch_1_02,les_1_02_09,topic_1_02_09_1,The Grand Ward Game – Multi-Department QA/QC Coordination Challenge,https://www.youtube.com/watch?v=dJEf1Vgr9No,Promotes interdepartmental collaboration through a dynamic QA/QC challenge. Encourages teamwork while driving compliance and improving quality performance.,1
course_1,ch_1_02,les_1_02_10,topic_1_02_10_1,Command Debrief – Findings Review & Strategy Redesign,https://www.youtube.com/watch?v=vi1twOsoZJ0,Delivers a data-driven review of audit and simulation outcomes. Provides actionable insights to optimize processes and elevate operational efficiency.,1
course_1,ch_1_03,les_1_03_01,topic_1_03_01_1,"Blueprint of GMP – Principles, History & Core Requirements",https://www.youtube.com/watch?v=1o-6_AG4FpM ,"Provides a concise overview of GMP, tracing its history, core principles, and regulatory requirements to ensure compliant and efficient pharmaceutical operations.",1
course_1,ch_1_03,les_1_03_02,topic_1_03_02_1,Facility Fortress – Cleanroom Classifications & Environmental Controls,https://www.youtube.com/watch?v=pPFCWyd1ERs ,Covers cleanroom classifications and environmental control standards.Ensures facility compliance and optimal operational hygiene.,1
course_1,ch_1_03,les_1_03_03,topic_1_03_03_1,"Personnel in Command – Gowning, Hygiene & Cross-Contamination Barriers",https://www.youtube.com/watch?v=Us0W2VCIBSM ,"Covers proper gowning, hygiene practices, and barriers to prevent cross-contamination. These measures ensure personnel maintain product integrity and a safe manufacturing environment.",1
course_1,ch_1_03,les_1_03_04,topic_1_03_04_1,"Documented Truth – Batch Records, Logbooks & Controlled Documentation",https://www.youtube.com/watch?v=j0fzFGN4-iY,"Batch records, logbooks, and controlled documentation form the backbone of GMP compliance. They ensure accuracy, traceability, and reliability in all manufacturing processes.",1
course_1,ch_1_03,les_1_03_05,topic_1_03_05_1,"Raw Material Gatekeeping – Sampling, Storage & Supplier Qualification",https://www.youtube.com/watch?v=ObgszmeRzlQ,"Sampling, storage, and supplier qualification ensure raw materials meet quality standards. These practices safeguard product integrity and support regulatory compliance.",1
course_1,ch_1_03,les_1_03_06,topic_1_03_06_1,"Line of Defense – Equipment Validation, Cleaning & Maintenance Cycles",https://www.youtube.com/watch?v=nQhaM161mS0,"Equipment validation, cleaning, and maintenance cycles ensure reliable and compliant operations. These practices protect product quality and minimize operational risks.",1
course_1,ch_1_03,les_1_03_07,topic_1_03_07_1,The Critical Path – Process Validation & Change Control Systems,https://www.youtube.com/watch?v=EiKo4GCcCak,Process validation and change control systems ensure consistent product quality. They streamline operations while maintaining regulatory compliance and control.,1
course_1,ch_1_03,les_1_03_08,topic_1_03_08_1,Quality on the Floor – In-Process Controls & Batch Release Protocols,https://www.youtube.com/watch?v=zD127-VckOs,"In-process controls and batch release protocols ensure products meet quality standards. They enable safe, efficient, and compliant manufacturing operations.",1
course_1,ch_1_03,les_1_03_09,topic_1_03_09_1,"Regulatory Battlefield – WHO, USFDA, EU vs Indian GMP Codes",https://www.youtube.com/watch?v=Aw0N6AMLAZ4,"WHO, USFDA, EU, and Indian GMP codes define global regulatory standards. Understanding these frameworks ensures compliance and smooth international operations.",1
course_1,ch_1_03,les_1_03_10,topic_1_03_10_1,GMP War Game – Full-Scale Production Floor Compliance Simulation,https://www.youtube.com/watch?v=rNORcBFrjnk,"Full-scale production floor simulations train teams in GMP compliance. They enhance readiness, accuracy, and operational efficiency in real-world scenarios.",1
course_1,ch_1_04,les_1_04_01,topic_1_04_01_1,"The SOP Arsenal – Structure, Scope & Regulatory Mandates",https://www.youtube.com/watch?v=rLGGupfiEJ0,"Standard Operating Procedures define structure, scope, and regulatory requirements. They ensure consistent, compliant, and efficient operations across all processes.",1
course_1,ch_1_04,les_1_04_02,topic_1_04_02_1,"Writing That Commands – Clarity, Precision & Zero-Ambiguity Rules",https://www.youtube.com/watch?v=qOWsIu0rBLc,"Clarity, precision, and zero-ambiguity rules guide effective documentation. They ensure instructions are accurate, compliant, and easily actionable.",1
course_1,ch_1_04,les_1_04_03,topic_1_04_03_1,"Controlled Evolution – Version Control, Review Cycles & Change Logs",https://www.youtube.com/watch?v=Qx_sB282BGQ,"Version control, review cycles, and change logs manage document evolution. They ensure traceability, accountability, and regulatory compliance.",1
course_1,ch_1_04,les_1_04_04,topic_1_04_04_1,"Validation Warfare – IQ, OQ, PQ & System Qualification Essentials",https://www.youtube.com/watch?v=VvZ7N9_461g,"IQ, OQ, PQ, and system qualifications ensure equipment and processes perform reliably. These validations safeguard product quality and regulatory compliance.",1
course_1,ch_1_04,les_1_04_05,topic_1_04_05_1,"Critical Protocols – Cleaning, Equipment & Safety SOPs in Action",https://www.youtube.com/watch?v=ObZf0j7a7e0,"Cleaning, equipment, and safety SOPs guide critical operational protocols. They ensure compliance, efficiency, and a safe manufacturing environment.",1
course_1,ch_1_04,les_1_04_06,topic_1_04_06_1,"Human Factor – Training, Compliance Tracking & Competency Records",https://www.youtube.com/watch?v=Z-oIR_f8wqM,"Training, compliance tracking, and competency records manage human factors in operations. They ensure staff are skilled, accountable, and aligned with GMP standards.",1
course_1,ch_1_04,les_1_04_07,topic_1_04_07_1,Gaps & Breaches – SOP Deviation Handling & Escalation Models,https://www.youtube.com/watch?v=CtSjUi44J4M,SOP deviations and escalation models address operational gaps and breaches. They ensure timely corrective actions and maintain compliance integrity.,1
course_1,ch_1_04,les_1_04_08,topic_1_04_08_1,"Digital Command – eSOP Systems, Access Hierarchies & 21 CFR Part 11",https://www.youtube.com/watch?v=u8o1JYsZSvI,"eSOP systems, access hierarchies, and 21 CFR Part 11 compliance digitize documentation control. They ensure secure, traceable, and regulatory-aligned operations.",1
course_1,ch_1_04,les_1_04_09,topic_1_04_09_1,Audit Crossfire – SOP Review Under Regulatory Inspection Pressure,https://www.youtube.com/watch?v=xws2FipkAAQ,"SOP reviews under regulatory inspections ensure audit readiness. They identify gaps, enforce compliance, and strengthen operational accountability.",1
course_1,ch_1_04,les_1_04_10,topic_1_04_10_1,The Validation Gauntlet – Full-Scale SOP Creation & Enforcement Drill,https://www.youtube.com/watch?v=Eucs_vDipA4,"Full-scale SOP creation and enforcement drills test process rigor. They ensure thorough validation, compliance, and operational excellence.",1
course_1,ch_1_05,les_1_05_01,topic_1_05_01_1,Breach Point – Types of Deviations & First-Response Protocols,https://www.youtube.com/watch?v=wVEjckm5qZ4,Types of deviations and first-response protocols define breach management. They ensure swift corrective actions and maintain process integrity.,1
course_1,ch_1_05,les_1_05_02,topic_1_05_02_1,Rapid Fire – Immediate Containment & Impact Assessment Tactics,https://www.youtube.com/watch?v=fO3aB0hXaDg,Immediate containment and impact assessment tactics enable rapid response. They minimize risks and ensure operational continuity.,1
course_1,ch_1_05,les_1_05_03,topic_1_05_03_1,"Data Drill – Deviation Registers, Logs & Trending Analysis",https://www.youtube.com/watch?v=XqtEWbdK1p0,"Deviation registers, logs, and trending analysis track operational anomalies. They provide actionable insights to prevent recurrence and improve compliance.",1
course_1,ch_1_05,les_1_05_04,topic_1_05_04_1,"Mapping the Chaos – Fishbone, 5 Whys & Fault Tree Tools",https://www.youtube.com/watch?v=k6zpnkoODpE,"Fishbone diagrams, 5 Whys, and fault tree tools analyze root causes of issues. They streamline problem-solving and strengthen process reliability.",1
course_1,ch_1_05,les_1_05_05,topic_1_05_05_1,Root Cause Warfare – From Symptom to True Origin,https://www.youtube.com/watch?v=dqfTSByCy-o,Root cause analysis traces issues from symptoms to their true origin. It drives effective corrective actions and long-term process improvement.,1
course_1,ch_1_05,les_1_05_06,topic_1_05_06_1,Crossfire Controls – Human Error vs Systemic Failure Distinction,https://www.youtube.com/watch?v=4iZF5O4EnbM,Distinguishing human errors from systemic failures sharpens control strategies. It enables targeted interventions and strengthens process reliability.,1
course_1,ch_1_05,les_1_05_07,topic_1_05_07_1,"Evidence Arsenal – Documentation, Witness Reports & Proof Trails",https://www.youtube.com/watch?v=wNOI6FgeTys,"Documentation, witness reports, and proof trails build a robust evidence arsenal. They ensure accountability, traceability, and regulatory compliance.",1
course_1,ch_1_05,les_1_05_08,topic_1_05_08_1,"The Escalation Ladder – Minor, Major, Critical Deviation Handling",https://www.youtube.com/watch?v=4UQxkme7k5M,"Minor, major, and critical deviations are managed through structured escalation ladders. This ensures timely resolution and maintains process integrity.",1
course_1,ch_1_05,les_1_05_09,topic_1_05_09_1,Simulation Siege – End-to-End Deviation Case Battle,https://www.youtube.com/watch?v=QNwBjlmlWUM,"End-to-end deviation case simulations test response strategies. They enhance readiness, decision-making, and compliance under realistic scenarios.",1
course_1,ch_1_06,les_1_06_01,topic_1_06_01_1,CAPA Command – Core Concepts & Regulatory Expectations,https://www.youtube.com/watch?v=wetTEunxb2I,Core CAPA concepts define corrective and preventive strategies. They align processes with regulatory expectations and ensure continuous quality improvement.,1
course_1,ch_1_06,les_1_06_02,topic_1_06_02_1,From Firefight to Framework – CAPA Lifecycle Stages Explained,https://www.youtube.com/watch?v=u2JvvN7Djrc,The CAPA lifecycle guides issues from identification to closure. Structured stages ensure consistent resolution and compliance.,1
course_1,ch_1_06,les_1_06_03,topic_1_06_03_1,AI at the Frontline – Machine Learning for Deviation Pattern Detection,https://www.youtube.com/watch?v=SQp_exO_INU,Machine learning detects deviation patterns in real time. This accelerates root cause identification and preventive planning.,1
course_1,ch_1_06,les_1_06_04,topic_1_06_04_1,"Smart Triggers – Automated Alerts, Dashboards & Risk Prioritization",https://www.youtube.com/watch?v=CWpIQx1vwFE,Automated alerts and dashboards enable proactive risk management. They prioritize actions and improve operational oversight.,1
course_1,ch_1_06,les_1_06_05,topic_1_06_05_1,Escalation Pathways – Local vs Global CAPA Decision Chains,https://www.youtube.com/watch?v=sJ8md53XM08,"Local and global decision chains guide deviation escalation. They ensure timely, appropriate, and compliant interventions.",1
course_1,ch_1_06,les_1_06_06,topic_1_06_06_1,Precision Counterstrikes – Corrective vs Preventive Action Differentiation,https://www.youtube.com/watch?v=a2zLoRZtmFs,Differentiating corrective and preventive actions sharpens CAPA effectiveness. It ensures targeted responses and long-term process stability.,1
course_1,ch_1_06,les_1_06_07,topic_1_06_07_1,Evidence Intelligence – AI-Supported Root Cause Verification,https://www.youtube.com/watch?v=0uLXY-l5Ik4,AI-supported verification strengthens evidence for root cause analysis. It improves accuracy and regulatory defensibility.,1
course_1,ch_1_06,les_1_06_08,topic_1_06_08_1,"System Defense – Integrating CAPA with QMS, LIMS & eTMF Platforms",https://www.youtube.com/watch?v=_oufzayrB1I,"Integrating CAPA with QMS, LIMS, and eTMF platforms ensures seamless compliance. It centralizes data for efficiency and audit readiness.",1
course_1,ch_1_06,les_1_06_09,topic_1_06_09_1,Audit Heat – CAPA Case Studies Under FDA/WHO Inspection Pressure,https://www.youtube.com/watch?v=EFiCnWnJLpE,CAPA case studies under regulatory scrutiny reveal best practices. They highlight strategies to maintain compliance under inspection pressure.,1
course_1,ch_1_06,les_1_06_10,topic_1_06_10_1,The CAPA War Room – AI-Simulated Escalation & Full CAPA Closure Drill,https://www.youtube.com/watch?v=XoBIXpkZgwg,"AI-driven simulations test full CAPA escalation and closure. They enhance readiness, decision-making, and process control.",1
course_2,ch_2_01,les_2_01_01,topic_2_01_01_1,Introduction to Pharmacovigilance,https://www.youtube.com/watch?v=zqmm6wThH10,"The science of detecting, assessing, and preventing adverse effects of medicines to ensure patient safety.",1
course_2,ch_2_01,les_2_01_02,topic_2_01_02_1,History & Evolution of PV,https://www.youtube.com/watch?v=mLW95p1FDjY,Traces the development of drug safety monitoring from early case reports to today’s global systems.,1
course_2,ch_2_01,les_2_01_03,topic_2_01_03_1,Global PV Regulatory Bodies,https://www.youtube.com/watch?v=bgV_OkPXxIs,Overview of international authorities governing pharmacovigilance standards and compliance.,1
course_2,ch_2_01,les_2_01_04,topic_2_01_04_1,Adverse Event (AE) Basics,https://www.youtube.com/watch?v=nWWQDHMAtj8,"Introduction to identifying, classifying, and reporting unexpected drug-related effects.",1
course_2,ch_2_01,les_2_01_05,topic_2_01_05_1,Good Pharmacovigilance Practices (GVP),https://www.youtube.com/watch?v=-AXfJ5VBAgQ,Framework of ethical and regulatory standards guiding safe medicine use.,1
course_2,ch_2_01,les_2_01_06,topic_2_01_06_1,AI in PV Research,https://www.youtube.com/watch?v=tPW8zeyOoXI,"Exploration of artificial intelligence applications in signal detection, reporting, and data automation.",1
course_2,ch_2_01,les_2_01_07,topic_2_01_07_1,PV Roles & Responsibilities,https://www.youtube.com/watch?v=fkWe-2b_jF0,Defines key functions of professionals ensuring compliance and data accuracy in PV systems.,1
course_2,ch_2_01,les_2_01_08,topic_2_01_08_1,Introduction to MedDRA,https://www.youtube.com/watch?v=HWek_3TYXyk,Overview of the global medical terminology used for coding and classifying adverse events.,1
course_2,ch_2_01,les_2_01_09,topic_2_01_09_1,PV Documentation Essentials,https://www.youtube.com/watch?v=-MnBUZgRDkI,"Core principles for maintaining accurate, compliant, and auditable safety records.",1
course_2,ch_2_01,les_2_01_10,topic_2_01_10_1,Introduction to Pharmacovigilance,https://www.youtube.com/watch?v=zqmm6wThH10,"The science of detecting, assessing, and preventing adverse effects of medicines to ensure patient safety.",1
course_2,ch_2_01,les_2_01_10,topic_2_01_10_2,History & Evolution of PV,https://www.youtube.com/watch?v=mLW95p1FDjY,Traces the development of drug safety monitoring from early case reports to today’s global systems.,2
course_2,ch_2_01,les_2_01_10,topic_2_01_10_3,Global PV Regulatory Bodies,https://www.youtube.com/watch?v=bgV_OkPXxIs,Overview of international authorities governing pharmacovigilance standards and compliance.,3
course_2,ch_2_01,les_2_01_10,topic_2_01_10_4,Adverse Event (AE) Basics,https://www.youtube.com/watch?v=nWWQDHMAtj8,"Introduction to identifying, classifying, and reporting unexpected drug-related effects.",4
course_2,ch_2_01,les_2_01_10,topic_2_01_10_5,Good Pharmacovigilance Practices (GVP),https://www.youtube.com/watch?v=-AXfJ5VBAgQ,Framework of ethical and regulatory standards guiding safe medicine use.,5
course_2,ch_2_01,les_2_01_10,topic_2_01_10_6,AI in PV Research,https://www.youtube.com/watch?v=tPW8zeyOoXI,"Exploration of artificial intelligence applications in signal detection, reporting, and data automation.",6
course_2,ch_2_01,les_2_01_10,topic_2_01_10_7,PV Roles & Responsibilities,https://www.youtube.com/watch?v=fkWe-2b_jF0,Defines key functions of professionals ensuring compliance and data accuracy in PV systems.,7
course_2,ch_2_01,les_2_01_10,topic_2_01_10_8,Introduction to MedDRA,https://www.youtube.com/watch?v=HWek_3TYXyk,Overview of the global medical terminology used for coding and classifying adverse events.,8
course_2,ch_2_01,les_2_01_10,topic_2_01_10_9,PV Documentation Essentials,https://www.youtube.com/watch?v=-MnBUZgRDkI,"Core principles for maintaining accurate, compliant, and auditable safety records.",9
course_2,ch_2_02,les_2_02_01,topic_2_02_01_1,ICSR Overview & Structure,https://www.youtube.com/watch?v=OU8aBf4eNPQ,Breakdown of the components and purpose of Individual Case Safety Reports in PV.,1
course_2,ch_2_02,les_2_02_02,topic_2_02_02_1,Adverse Event (AE) Case Intake Process,https://www.youtube.com/watch?v=gXHduBhy0ss,Stepwise capture and validation of safety information from initial reports.,1
course_2,ch_2_02,les_2_02_03,topic_2_02_03_1,Source Document Review,https://www.youtube.com/watch?v=l4VAm1SJiDM,Systematic evaluation of original medical data to verify and support safety case details.,1
course_2,ch_2_02,les_2_02_04,topic_2_02_04_1,Narrative Writing Basics,https://www.youtube.com/watch?v=nILoA_8w9cw ,"Crafting concise, factual summaries that communicate a case’s clinical story in safety reports.",1
course_2,ch_2_02,les_2_02_05,topic_2_02_05_1,AI for ICSR Triage,https://www.youtube.com/watch?v=Wgu3xi1RaI4,"Application of AI tools to prioritize, classify, and streamline case processing workflows.",1
course_2,ch_2_02,les_2_02_05,topic_2_02_05_2,Causality Assessment Intro,https://www.youtube.com/watch?v=FsixW-87X7k,Basic methods for determining the likelihood that a drug caused a reported adverse event.,1
course_2,ch_2_02,les_2_02_06,topic_2_02_06_1,The Naranjo Algorithm,https://www.youtube.com/watch?v=KOvUaB-py_0 ,A structured questionnaire used to assess the likelihood that a drug caused an adverse event.,1
course_2,ch_2_02,les_2_02_07,topic_2_02_07_1,MedDRA Type Coding for ICSRs,https://www.youtube.com/watch?v=vgnrju58l00 ,Accurate use of MedDRA terminology to code reactions and events in safety databases.,1
course_2,ch_2_02,les_2_02_08,topic_2_02_08_1,ICSR Quality Checks,https://www.youtube.com/watch?v=7UpKksBCIVw ,"Key validation steps ensuring completeness, consistency, and regulatory compliance of reports.",1
course_2,ch_2_02,les_2_02_09,topic_2_02_09_1,Submission Timelines and Rules,https://www.youtube.com/watch?v=IwOegMImSng,Regulatory deadlines and protocols for timely ICSR submission to authorities.,1
course_2,ch_2_02,les_2_02_10,topic_2_02_10_1,Individual Case Safety Report (ICSR) Case Closure,https://www.youtube.com/watch?v=by97SVxVW9o,Final verification and archival of completed safety cases after submission.,1
course_2,ch_2_03,les_2_03_01,topic_2_03_01_1,Global PV Databases Overview,https://www.youtube.com/watch?v=,"A concise look at worldwide pharmacovigilance databases used for collecting, monitoring, and analyzing drug safety reports.",1
course_2,ch_2_03,les_2_03_02,topic_2_03_02_1,E2B R3 Standards,https://www.youtube.com/watch?v=,"E2B R3 Standards define the global, structured format for electronically exchanging individual case safety reports in pharmacovigilance.",1
course_2,ch_2_03,les_2_03_03,topic_2_03_03_1,VigiBase Navigation,https://www.youtube.com/watch?v=,"A guided overview of accessing, searching, and interpreting global safety data within VigiBase.",1
course_2,ch_2_03,les_2_03_04,topic_2_03_04_1,FAERS Data Reconciliation,https://www.youtube.com/watch?v=,"Processes to verify, match, and resolve discrepancies in FDA safety case records across systems.",1
course_2,ch_2_03,les_2_03_05,topic_2_03_05_1,AI for Database Queries,https://www.youtube.com/watch?v=,Leveraging artificial intelligence to streamline safety data searches and extract actionable insights.,1
course_2,ch_2_03,les_2_03_06,topic_2_03_06_1,Argus Safety System Intro,https://www.youtube.com/watch?v=,An introduction to Oracle Argus for managing end-to-end adverse event case processing and reporting.,1
course_2,ch_2_03,les_2_03_07,topic_2_03_07_1,ARISg System Basics,https://www.youtube.com/watch?v=,"Core functionalities of ARISg for capturing, tracking, and submitting pharmacovigilance case data.",1
course_2,ch_2_03,les_2_03_08,topic_2_03_08_1,Data Privacy in PV (GDPR/HIPAA),https://www.youtube.com/watch?v=,Protecting patient-identifiable safety data through global privacy regulations like GDPR and HIPAA.,1
course_2,ch_2_03,les_2_03_09,topic_2_03_09_1,Database Error Handling,https://www.youtube.com/watch?v=,"Strategies to identify, troubleshoot, and correct data entry and system errors in PV databases.",1
course_2,ch_2_03,les_2_03_10,topic_2_03_10_1,Pro Training in Pharmacovigilance,https://www.youtube.com/watch?v=,Practical industry-focused training to prepare fresh graduates for real-world PV roles.,1
course_2,ch_2_04,les_2_04_01,topic_2_04_01_1,Signal Detection Overview,https://www.youtube.com/watch?v=,Understanding how regulatory bodies identify emerging safety concerns from global adverse event data.,1
course_2,ch_2_04,les_2_04_02,topic_2_04_02_1,Quantitative Signal Detection,https://www.youtube.com/watch?v=,Using statistical methods to analyze large datasets and uncover disproportional safety patterns.,1
course_2,ch_2_04,les_2_04_03,topic_2_04_03_1,Qualitative Signal Detection,https://www.youtube.com/watch?v=,Expert review of case narratives and patterns to interpret potential drug safety issues.,1
course_2,ch_2_04,les_2_04_04,topic_2_04_04_1,AI for Signal Noise Reduction,https://www.youtube.com/watch?v=,Using machine learning to filter irrelevant data and highlight true safety signals faster.,1
course_2,ch_2_04,les_2_04_05,topic_2_04_05_1,Risk Management Plans (RMP),https://www.youtube.com/watch?v=,"Structured strategies to identify, assess, and minimize drug-related risks throughout the product lifecycle.",1
course_2,ch_2_04,les_2_04_06,topic_2_04_06_1,Signal Validation Process,https://www.youtube.com/watch?v=,Confirming whether detected safety alerts represent genuine drug-event concerns requiring regulatory attention.,1
course_2,ch_2_04,les_2_04_07,topic_2_04_07_1,Disproportionality Analysis,https://www.youtube.com/watch?v=,Statistical comparison of observed versus expected safety events to detect unusual reporting patterns.,1
course_2,ch_2_04,les_2_04_08,topic_2_04_08_1,Signal Reporting Standards,https://www.youtube.com/watch?v=,"Global guidelines for documenting, communicating, and escalating validated safety signals.",1
course_2,ch_2_04,les_2_04_09,topic_2_04_09_1,Risk Minimization Strategies,https://www.youtube.com/watch?v=,Targeted actions like labeling updates or restricted use programs to reduce identified medication risks.,1
course_2,ch_2_04,les_2_04_10,topic_2_04_10_1,Signal Dashboards,https://www.youtube.com/watch?v=,Interactive tools visualizing real-time safety trends for informed decision making in pharmacovigilance.,1
course_2,ch_2_05,les_2_05_01,topic_2_05_01_1,PSUR Overview & Requirements,https://www.youtube.com/watch?v=,Key elements and regulatory expectations for periodic safety update reports on marketed products.,1
course_2,ch_2_05,les_2_05_02,topic_2_05_02_1,DSUR Basics & Timelines,https://www.youtube.com/watch?v=,Fundamentals of development safety update reports and their annual submission schedule in clinical development.,1
course_2,ch_2_05,les_2_05_03,topic_2_05_03_1,Data Aggregation for Reports,https://www.youtube.com/watch?v=,Compiling global safety data from multiple sources to support accurate periodic reporting.,1
course_2,ch_2_05,les_2_05_04,topic_2_05_04_1,AI for PSUR Drafting,https://www.youtube.com/watch?v=,Automating narrative generation and data summaries using intelligent document writing tools.,1
course_2,ch_2_05,les_2_05_05,topic_2_05_05_1,Line Listings & Summary Tabulations,https://www.youtube.com/watch?v=,Structured case data tables that enable trend identification in periodic safety reports.,1
course_2,ch_2_05,les_2_05_06,topic_2_05_06_1,PSUR Quality Checks,https://www.youtube.com/watch?v=,"Ensuring accuracy, consistency, and regulatory compliance before submitting safety update reports.",1
course_2,ch_2_05,les_2_05_07,topic_2_05_07_1,DSUR Case Study Analysis,https://www.youtube.com/watch?v=,Learning DSUR preparation through review of real-world clinical safety scenarios.,1
course_2,ch_2_05,les_2_05_08,topic_2_05_08_1,Regulatory Submission of Reports,https://www.youtube.com/watch?v=,Electronic handoff of safety update documents using standardized global submission formats.,1
course_2,ch_2_05,les_2_05_09,topic_2_05_09_1,Handling PSUR Queries,https://www.youtube.com/watch?v=,Responding to authority questions with clarified data and supporting evidence.,1
course_2,ch_2_05,les_2_05_10,topic_2_05_10_1,Periodic Report Automation,https://www.youtube.com/watch?v=,Streamlining workflows with tools that schedule data pulls and generate recurring safety reports.,1
course_2,ch_2_06,les_2_06_01,topic_2_06_01_1,MedDRA Hierarchy Overview,https://www.youtube.com/watch?v=,Understanding the structured layers of MedDRA from detailed LLTs up to broad SOC classifications.,1
course_2,ch_2_06,les_2_06_02,topic_2_06_02_1,"LLT, PT, and SOC Coding",https://www.youtube.com/watch?v=,Correctly assigning medical terms to the right hierarchy levels for consistent safety reporting.,1
course_2,ch_2_06,les_2_06_03,topic_2_06_03_1,AI for MedDRA Auto-Coding,https://www.youtube.com/watch?v=,Using intelligent tools to map clinical terms to MedDRA codes faster and with fewer errors.,1
course_2,ch_2_06,les_2_06_04,topic_2_06_04_1,Coding Accuracy Checks,https://www.youtube.com/watch?v=,Verifying that selected MedDRA terms reflect the true medical meaning of each case.,1
course_2,ch_2_06,les_2_06_05,topic_2_06_05_1,Complex Case Coding,https://www.youtube.com/watch?v=,Handling multi-symptom or ambiguous clinical scenarios with precise MedDRA term selection.,1
course_2,ch_2_06,les_2_06_06,topic_2_06_06_1,Narrative Quality Standards,https://www.youtube.com/watch?v=,"Writing concise, medically meaningful case stories that support valid coding and assessment.",1
course_2,ch_2_06,les_2_06_07,topic_2_06_07_1,Follow-Up Case Processing,https://www.youtube.com/watch?v=,Updating safety reports with new medical details while keeping coding accurate and current.,1
course_2,ch_2_06,les_2_06_08,topic_2_06_08_1,Coding Error Resolution,https://www.youtube.com/watch?v=,Detecting incorrect terms and applying the right fixes to maintain data integrity.,1
course_2,ch_2_06,les_2_06_09,topic_2_06_09_1,MedDRA Version Updates,https://www.youtube.com/watch?v=,Adapting coding practices to align with each new MedDRA release.,1
course_2,ch_2_06,les_2_06_10,topic_2_06_10_1,Case Quality Dashboards,https://www.youtube.com/watch?v=,"Visual tools that track completeness, coding accuracy, and timeliness across PV cases.",1
course_3,ch_3_01,les_3_01_01,topic_3_01_01_1,Introduction to Clinical Research.,https://www.youtube.com/watch?v=,Systematic investigations on humans to evaluate the safety and effectiveness of medical interventions.,1
course_3,ch_3_01,les_3_01_02,topic_3_01_02_1,History & Evolution of Clinical Trials.,https://www.youtube.com/watch?v=,"A journey from early experimental treatments to today’s highly regulated, science-driven studies.",1
course_3,ch_3_01,les_3_01_03,topic_3_01_03_1,Roles in a Clinical Trial Team.,https://www.youtube.com/watch?v=,"Diverse professionals collaborating to design, run, monitor, and report clinical studies responsibly.",1
course_3,ch_3_01,les_3_01_04,topic_3_01_04_1,Introduction to Good Clinical Practice (GCP).,https://www.youtube.com/watch?v=,Global ethical and scientific standards that ensure participant safety and data integrity.,1
course_3,ch_3_01,les_3_01_05,topic_3_01_05_1,Ethical Considerations in Trials.,https://www.youtube.com/watch?v=,"Safeguarding human rights through informed consent, confidentiality, and risk-benefit balance.",1
course_3,ch_3_01,les_3_01_06,topic_3_01_06_1,"Regulatory Bodies Overview (FDA, EMA, etc.).",https://www.youtube.com/watch?v=,Authorities that oversee clinical research compliance and approve new therapies.,1
course_3,ch_3_01,les_3_01_07,topic_3_01_07_1,"Trial Types & Designs (RCTs, Observational).",https://www.youtube.com/watch?v=,Different study structures used to answer specific medical research questions accurately.,1
course_3,ch_3_01,les_3_01_08,topic_3_01_08_1,Basics of Trial Documentation.,https://www.youtube.com/watch?v=,"Essential records like protocols, CRFs, and consent forms that support transparent and valid research.",1
course_3,ch_3_01,les_3_01_09,topic_3_01_09_1,Introduction to AI in Clinical Research.,https://www.youtube.com/watch?v=,"Intelligent tools helping optimize trial design, recruitment, and real-time data analysis.",1
course_3,ch_3_01,les_3_01_10,topic_3_01_10_1,GCP Audit Trails Basics.,https://www.youtube.com/watch?v=,Tracking every change in clinical data systems to ensure accountability and compliance.,1
course_3,ch_3_02,les_3_02_01,topic_3_02_01_1,Protocol Structure Overview.,https://www.youtube.com/watch?v=,A roadmap describing how a clinical trial will be conducted from start to finish.,1
course_3,ch_3_02,les_3_02_02,topic_3_02_02_1,Objectives & Endpoints.,https://www.youtube.com/watch?v=,Clearly defined goals and measurable outcomes that determine the study’s success.,1
course_3,ch_3_02,les_3_02_03,topic_3_02_03_1,Study Population & Inclusion/Exclusion.,https://www.youtube.com/watch?v=,Criteria specifying who can or cannot participate to ensure valid and ethical selection.,1
course_3,ch_3_02,les_3_02_04,topic_3_02_04_1,Interventions & Dosing.,https://www.youtube.com/watch?v=,"Details on the treatment being tested, dosage levels, and administration procedures.",1
course_3,ch_3_02,les_3_02_05,topic_3_02_05_1,Schedule of Assessments.,https://www.youtube.com/watch?v=,"Timelines for safety checks, efficacy tests, and data collection during the study.",1
course_3,ch_3_02,les_3_02_06,topic_3_02_06_1,Risk Assessment in Protocols.,https://www.youtube.com/watch?v=,Analysis of potential participant risks with strategies to minimize and monitor them.,1
course_3,ch_3_02,les_3_02_07,topic_3_02_07_1,AI-Assisted Protocol Writing.,https://www.youtube.com/watch?v=,"Technology support for draft creation, data alignment, and rapid iteration of complex documents.",1
course_3,ch_3_02,les_3_02_08,topic_3_02_08_1,Protocol Amendments.,https://www.youtube.com/watch?v=,Controlled updates reflecting scientific changes or new safety information during the study.,1
course_3,ch_3_02,les_3_02_09,topic_3_02_09_1,Statistical Considerations in Protocols.,https://www.youtube.com/watch?v=,Planned methods for analyzing data to ensure reliable conclusions.,1
course_3,ch_3_02,les_3_02_10,topic_3_02_10_1,Protocol Review & Approval.,https://www.youtube.com/watch?v=,Regulatory and ethics committee checks ensuring compliance before a trial begins.,1
course_3,ch_3_03,les_3_03_01,topic_3_03_01_1,Site Selection Criteria.,https://www.youtube.com/watch?v=,"Choosing trial locations that meet patient access, quality standards, and operational capability.",1
course_3,ch_3_03,les_3_03_02,topic_3_03_02_1,Feasibility Assessments.,https://www.youtube.com/watch?v=,"Evaluating a site’s resources, timelines, and patient pool to ensure successful study execution.",1
course_3,ch_3_03,les_3_03_03,topic_3_03_03_1,Investigator Qualification.,https://www.youtube.com/watch?v=,"Confirming that site investigators have the expertise and credentials to lead safe, ethical research.",1
course_3,ch_3_03,les_3_03_04,topic_3_03_04_1,Site Contracts & Budgeting.,https://www.youtube.com/watch?v=,Negotiating legal terms and financial plans that support trial operations at each site.,1
course_3,ch_3_03,les_3_03_05,topic_3_03_05_1,Regulatory Submissions for Sites.,https://www.youtube.com/watch?v=,Getting approvals from ethics committees and authorities before enrollment begins.,1
course_3,ch_3_03,les_3_03_06,topic_3_03_06_1,Study Start-Up Meetings (SSUM).,https://www.youtube.com/watch?v=,Aligning all stakeholders with protocol requirements and key trial deliverables.,1
course_3,ch_3_03,les_3_03_07,topic_3_03_07_1,AI in Site Feasibility.,https://www.youtube.com/watch?v=,Predictive analytics to identify the best-performing sites and reduce delays in activation.,1
course_3,ch_3_03,les_3_03_08,topic_3_03_08_1,Training Site Staff.,https://www.youtube.com/watch?v=,"Ensuring everyone understands protocol, GCP, and operational workflows before recruitment begins.",1
course_3,ch_3_03,les_3_03_09,topic_3_03_09_1,Site Activation Checklists.,https://www.youtube.com/watch?v=,"Final readiness checks for systems, supplies, staff, and documentation.",1
course_3,ch_3_03,les_3_03_10,topic_3_03_10_1,Common Start-Up Pitfalls.,https://www.youtube.com/watch?v=,"Avoidable delays like slow contracting, missing approvals, or inadequate site preparation.",1
course_3,ch_3_04,les_3_04_01,topic_3_04_01_1,Recruitment Strategies Overview.,https://www.youtube.com/watch?v=,Plans to attract and enroll the right participants efficiently for the trial.,1
course_3,ch_3_04,les_3_04_02,topic_3_04_02_1,Patient Eligibility Screening.,https://www.youtube.com/watch?v=,Checking whether candidates meet all criteria for safe and valid participation.,1
course_3,ch_3_04,les_3_04_03,topic_3_04_03_1,Informed Consent Process.,https://www.youtube.com/watch?v=,Ensuring participants fully understand the study before voluntarily agreeing to join.,1
course_3,ch_3_04,les_3_04_04,topic_3_04_04_1,Diversity & Inclusion in Recruitment.,https://www.youtube.com/watch?v=,Reaching diverse patient groups to improve equity and scientific rigor.,1
course_3,ch_3_04,les_3_04_05,topic_3_04_05_1,Retention Techniques.,https://www.youtube.com/watch?v=,Keeping participants engaged and enrolled throughout the study to reduce dropouts.,1
course_3,ch_3_04,les_3_04_06,topic_3_04_06_1,AI-Powered Patient Matching.,https://www.youtube.com/watch?v=,Smart tools that identify eligible candidates from health data quickly and accurately.,1
course_3,ch_3_04,les_3_04_07,topic_3_04_07_1,Consent Documentation.,https://www.youtube.com/watch?v=,Accurate record keeping of signed and dated consent forms to maintain compliance.,1
course_3,ch_3_04,les_3_04_08,topic_3_04_08_1,Handling Recruitment Challenges.,https://www.youtube.com/watch?v=,"Practical fixes for slow enrollment, communication gaps, or logistical issues.",1
course_3,ch_3_04,les_3_04_09,topic_3_04_09_1,Metrics & Reporting Recruitment.,https://www.youtube.com/watch?v=,"Tracking progress with data on screening, enrollment, and dropouts.",1
course_3,ch_3_04,les_3_04_10,topic_3_04_10_1,Ethical AI in Recruitment.,https://www.youtube.com/watch?v=,Applying automation responsibly without bias or privacy risks to participants.,1
course_3,ch_3_05,les_3_05_01,topic_3_05_01_1,CRF Design Principles.,https://www.youtube.com/watch?v=,"Creating user-friendly forms that capture accurate, protocol-required data only.",1
course_3,ch_3_05,les_3_05_02,topic_3_05_02_1,"Data Collection Methods (EDC, Paper).",https://www.youtube.com/watch?v=,Different ways clinical trial data is recorded and transferred into secure systems.,1
course_3,ch_3_05,les_3_05_03,topic_3_05_03_1,Source Data Verification (SDV).,https://www.youtube.com/watch?v=,Comparing CRF entries against original medical records to ensure correctness.,1
course_3,ch_3_05,les_3_05_04,topic_3_05_04_1,Query Management.,https://www.youtube.com/watch?v=,Identifying and resolving data discrepancies through structured communication with sites.,1
course_3,ch_3_05,les_3_05_05,topic_3_05_05_1,Data Cleaning Basics.,https://www.youtube.com/watch?v=,"Systematic checks to ensure complete, consistent, and high-quality study data.",1
course_3,ch_3_05,les_3_05_06,topic_3_05_06_1,AI in CRF Automation.,https://www.youtube.com/watch?v=,Using intelligent tools to pre-populate fields and reduce manual entry errors.,1
course_3,ch_3_05,les_3_05_07,topic_3_05_07_1,Handling Missing Data.,https://www.youtube.com/watch?v=,Strategies to minimize and interpret gaps while preserving data integrity.,1
course_3,ch_3_05,les_3_05_08,topic_3_05_08_1,Data Security & Confidentiality.,https://www.youtube.com/watch?v=,Protecting participant information through access controls and encryption.,1
course_3,ch_3_05,les_3_05_09,topic_3_05_09_1,CRF Amendments & Versions.,https://www.youtube.com/watch?v=,Controlled updates to forms while maintaining traceability of earlier data.,1
course_3,ch_3_05,les_3_05_10,topic_3_05_10_1,Intro to EDC Systems.,https://www.youtube.com/watch?v=,Overview of electronic platforms that streamline data entry and monitoring in real time.,1
course_3,ch_3_06,les_3_06_01,topic_3_06_01_1,Monitoring Plan Development.,https://www.youtube.com/watch?v=,Tailoring a strategy to ensure participant safety and protocol compliance throughout the trial.,1
course_3,ch_3_06,les_3_06_02,topic_3_06_02_1,On-Site vs. Remote Monitoring.,https://www.youtube.com/watch?v=,Comparing physical visits with virtual review approaches for efficient oversight.,1
course_3,ch_3_06,les_3_06_03,topic_3_06_03_1,Site Visits & Inspections.,https://www.youtube.com/watch?v=,Scheduled evaluations to confirm data accuracy and adherence to GCP requirements.,1
course_3,ch_3_06,les_3_06_04,topic_3_06_04_1,Deviation & Non-Compliance Management.,https://www.youtube.com/watch?v=,Identifying and correcting any departures from protocol or regulations.,1
course_3,ch_3_06,les_3_06_05,topic_3_06_05_1,Investigator Oversight.,https://www.youtube.com/watch?v=,Continuous accountability by site leadership for study conduct and participant care.,1
course_3,ch_3_06,les_3_06_06,topic_3_06_06_1,AI-Driven Monitoring Alerts.,https://www.youtube.com/watch?v=,Automated detection of unusual data patterns to enable early intervention.,1
course_3,ch_3_06,les_3_06_07,topic_3_06_07_1,Central vs. Local Monitoring.,https://www.youtube.com/watch?v=,"Balancing centralized data review with direct, site-level observation for stronger quality control.",1
course_3,ch_3_06,les_3_06_08,topic_3_06_08_1,Escalation Procedures.,https://www.youtube.com/watch?v=,Clear steps for resolving serious issues that threaten study integrity or safety.,1
course_3,ch_3_06,les_3_06_09,topic_3_06_09_1,Monitoring Reports.,https://www.youtube.com/watch?v=,"Documentation of findings, actions, and follow-up from each monitoring activity.",1
course_3,ch_3_06,les_3_06_10,topic_3_06_10_1,Close-Out Monitoring.,https://www.youtube.com/watch?v=,"Final verification that all data, documents, and regulatory requirements are completed before trial closure.",1
course_4,ch_4_01,les_4_01_01,topic_4_01_01_1,,https://www.youtube.com/watch?v=,,1
course_4,ch_4_01,les_4_01_02,topic_4_01_02_1,,https://www.youtube.com/watch?v=,,1
course_4,ch_4_01,les_4_01_03,topic_4_01_03_1,,https://www.youtube.com/watch?v=,,1
course_4,ch_4_01,les_4_01_04,topic_4_01_04_1,,https://www.youtube.com/watch?v=,,1
course_4,ch_4_01,les_4_01_05,topic_4_01_05_1,,https://www.youtube.com/watch?v=,,1
course_4,ch_4_01,les_4_01_06,topic_4_01_06_1,,https://www.youtube.com/watch?v=,,1
course_4,ch_4_01,les_4_01_07,topic_4_01_07_1,,https://www.youtube.com/watch?v=,,1
course_4,ch_4_01,les_4_01_08,topic_4_01_08_1,,https://www.youtube.com/watch?v=,,1
course_4,ch_4_01,les_4_01_09,topic_4_01_09_1,,https://www.youtube.com/watch?v=,,1
course_4,ch_4_02,les_4_02_01,topic_4_02_01_1,,https://www.youtube.com/watch?v=,,1
course_4,ch_4_02,les_4_02_02,topic_4_02_02_1,,https://www.youtube.com/watch?v=,,1
course_4,ch_4_02,les_4_02_03,topic_4_02_03_1,,https://www.youtube.com/watch?v=,,1
course_4,ch_4_02,les_4_02_04,topic_4_02_04_1,,https://www.youtube.com/watch?v=,,1
course_4,ch_4_02,les_4_02_05,topic_4_02_05_1,,https://www.youtube.com/watch?v=,,1
course_4,ch_4_02,les_4_02_06,topic_4_02_06_1,,https://www.youtube.com/watch?v=,,1
course_4,ch_4_02,les_4_02_07,topic_4_02_07_1,,https://www.youtube.com/watch?v=,,1
course_4,ch_4_02,les_4_02_08,topic_4_02_08_1,,https://www.youtube.com/watch?v=,,1
course_4,ch_4_02,les_4_02_09,topic_4_02_09_1,,https://www.youtube.com/watch?v=,,1
course_4,ch_4_02,les_4_02_10,topic_4_02_10_1,,https://www.youtube.com/watch?v=,,1
course_4,ch_4_03,les_4_03_01,topic_4_03_01_1,,https://www.youtube.com/watch?v=,,1
course_4,ch_4_03,les_4_03_02,topic_4_03_02_1,,https://www.youtube.com/watch?v=,,1
course_4,ch_4_03,les_4_03_03,topic_4_03_03_1,,https://www.youtube.com/watch?v=,,1
course_4,ch_4_03,les_4_03_04,topic_4_03_04_1,,https://www.youtube.com/watch?v=,,1
course_4,ch_4_03,les_4_03_05,topic_4_03_05_1,,https://www.youtube.com/watch?v=,,1
course_4,ch_4_03,les_4_03_06,topic_4_03_06_1,,https://www.youtube.com/watch?v=,,1
course_4,ch_4_03,les_4_03_07,topic_4_03_07_1,,https://www.youtube.com/watch?v=,,1
course_4,ch_4_03,les_4_03_08,topic_4_03_08_1,,https://www.youtube.com/watch?v=,,1
course_4,ch_4_03,les_4_03_09,topic_4_03_09_1,,https://www.youtube.com/watch?v=,,1
course_4,ch_4_03,les_4_03_10,topic_4_03_10_1,,https://www.youtube.com/watch?v=,,1
course_4,ch_4_04,les_4_04_01,topic_4_04_01_1,,https://www.youtube.com/watch?v=,,1
course_4,ch_4_04,les_4_04_02,topic_4_04_02_1,,https://www.youtube.com/watch?v=,,1
course_4,ch_4_04,les_4_04_03,topic_4_04_03_1,,https://www.youtube.com/watch?v=,,1
course_4,ch_4_04,les_4_04_04,topic_4_04_04_1,,https://www.youtube.com/watch?v=,,1
course_4,ch_4_04,les_4_04_05,topic_4_04_05_1,,https://www.youtube.com/watch?v=,,1
course_4,ch_4_04,les_4_04_06,topic_4_04_06_1,,https://www.youtube.com/watch?v=,,1
course_4,ch_4_04,les_4_04_07,topic_4_04_07_1,,https://www.youtube.com/watch?v=,,1
course_4,ch_4_04,les_4_04_08,topic_4_04_08_1,,https://www.youtube.com/watch?v=,,1
course_4,ch_4_04,les_4_04_09,topic_4_04_09_1,,https://www.youtube.com/watch?v=,,1
course_4,ch_4_04,les_4_04_10,topic_4_04_10_1,,https://www.youtube.com/watch?v=,,1
course_4,ch_4_05,les_4_05_01,topic_4_05_01_1,,https://www.youtube.com/watch?v=,,1
course_4,ch_4_05,les_4_05_02,topic_4_05_02_1,,https://www.youtube.com/watch?v=,,1
course_4,ch_4_05,les_4_05_03,topic_4_05_03_1,,https://www.youtube.com/watch?v=,,1
course_4,ch_4_05,les_4_05_04,topic_4_05_04_1,,https://www.youtube.com/watch?v=,,1
course_4,ch_4_05,les_4_05_05,topic_4_05_05_1,,https://www.youtube.com/watch?v=,,1
course_4,ch_4_05,les_4_05_06,topic_4_05_06_1,,https://www.youtube.com/watch?v=,,1
course_4,ch_4_05,les_4_05_07,topic_4_05_07_1,,https://www.youtube.com/watch?v=,,1
course_4,ch_4_05,les_4_05_08,topic_4_05_08_1,,https://www.youtube.com/watch?v=,,1
course_4,ch_4_05,les_4_05_09,topic_4_05_09_1,,https://www.youtube.com/watch?v=,,1
course_4,ch_4_05,les_4_05_10,topic_4_05_10_1,,https://www.youtube.com/watch?v=,,1
course_4,ch_4_06,les_4_06_01,topic_4_06_01_1,,https://www.youtube.com/watch?v=,,1
course_4,ch_4_06,les_4_06_02,topic_4_06_02_1,,https://www.youtube.com/watch?v=,,1
course_4,ch_4_06,les_4_06_03,topic_4_06_03_1,,https://www.youtube.com/watch?v=,,1
course_4,ch_4_06,les_4_06_04,topic_4_06_04_1,,https://www.youtube.com/watch?v=,,1
course_4,ch_4_06,les_4_06_05,topic_4_06_05_1,,https://www.youtube.com/watch?v=,,1
course_4,ch_4_06,les_4_06_06,topic_4_06_06_1,,https://www.youtube.com/watch?v=,,1
course_4,ch_4_06,les_4_06_07,topic_4_06_07_1,,https://www.youtube.com/watch?v=,,1
course_4,ch_4_06,les_4_06_08,topic_4_06_08_1,,https://www.youtube.com/watch?v=,,1
course_4,ch_4_06,les_4_06_09,topic_4_06_09_1,,https://www.youtube.com/watch?v=,,1
course_4,ch_4_06,les_4_06_10,topic_4_06_10_1,,https://www.youtube.com/watch?v=,,1
course_5,ch_5_01,les_5_01_01,topic_5_01_01_1,,https://www.youtube.com/watch?v=,,1
course_5,ch_5_01,les_5_01_02,topic_5_01_02_1,,https://www.youtube.com/watch?v=,,1
course_5,ch_5_01,les_5_01_03,topic_5_01_03_1,,https://www.youtube.com/watch?v=,,1
course_5,ch_5_01,les_5_01_04,topic_5_01_04_1,,https://www.youtube.com/watch?v=,,1
course_5,ch_5_01,les_5_01_05,topic_5_01_05_1,,https://www.youtube.com/watch?v=,,1
course_5,ch_5_01,les_5_01_06,topic_5_01_06_1,,https://www.youtube.com/watch?v=,,1
course_5,ch_5_01,les_5_01_07,topic_5_01_07_1,,https://www.youtube.com/watch?v=,,1
course_5,ch_5_01,les_5_01_08,topic_5_01_08_1,,https://www.youtube.com/watch?v=,,1
course_5,ch_5_01,les_5_01_09,topic_5_01_09_1,,https://www.youtube.com/watch?v=,,1
course_5,ch_5_02,les_5_02_01,topic_5_02_01_1,,https://www.youtube.com/watch?v=,,1
course_5,ch_5_02,les_5_02_02,topic_5_02_02_1,,https://www.youtube.com/watch?v=,,1
course_5,ch_5_02,les_5_02_03,topic_5_02_03_1,,https://www.youtube.com/watch?v=,,1
course_5,ch_5_02,les_5_02_04,topic_5_02_04_1,,https://www.youtube.com/watch?v=,,1
course_5,ch_5_02,les_5_02_05,topic_5_02_05_1,,https://www.youtube.com/watch?v=,,1
course_5,ch_5_02,les_5_02_06,topic_5_02_06_1,,https://www.youtube.com/watch?v=,,1
course_5,ch_5_02,les_5_02_07,topic_5_02_07_1,,https://www.youtube.com/watch?v=,,1
course_5,ch_5_02,les_5_02_08,topic_5_02_08_1,,https://www.youtube.com/watch?v=,,1
course_5,ch_5_02,les_5_02_09,topic_5_02_09_1,,https://www.youtube.com/watch?v=,,1
course_5,ch_5_02,les_5_02_10,topic_5_02_10_1,,https://www.youtube.com/watch?v=,,1
course_5,ch_5_03,les_5_03_01,topic_5_03_01_1,,https://www.youtube.com/watch?v=,,1
course_5,ch_5_03,les_5_03_02,topic_5_03_02_1,,https://www.youtube.com/watch?v=,,1
course_5,ch_5_03,les_5_03_03,topic_5_03_03_1,,https://www.youtube.com/watch?v=,,1
course_5,ch_5_03,les_5_03_04,topic_5_03_04_1,,https://www.youtube.com/watch?v=,,1
course_5,ch_5_03,les_5_03_05,topic_5_03_05_1,,https://www.youtube.com/watch?v=,,1
course_5,ch_5_03,les_5_03_06,topic_5_03_06_1,,https://www.youtube.com/watch?v=,,1
course_5,ch_5_03,les_5_03_07,topic_5_03_07_1,,https://www.youtube.com/watch?v=,,1
course_5,ch_5_03,les_5_03_08,topic_5_03_08_1,,https://www.youtube.com/watch?v=,,1
course_5,ch_5_03,les_5_03_09,topic_5_03_09_1,,https://www.youtube.com/watch?v=,,1
course_5,ch_5_03,les_5_03_10,topic_5_03_10_1,,https://www.youtube.com/watch?v=,,1
course_5,ch_5_04,les_5_04_01,topic_5_04_01_1,,https://www.youtube.com/watch?v=,,1
course_5,ch_5_04,les_5_04_02,topic_5_04_02_1,,https://www.youtube.com/watch?v=,,1
course_5,ch_5_04,les_5_04_03,topic_5_04_03_1,,https://www.youtube.com/watch?v=,,1
course_5,ch_5_04,les_5_04_04,topic_5_04_04_1,,https://www.youtube.com/watch?v=,,1
course_5,ch_5_04,les_5_04_05,topic_5_04_05_1,,https://www.youtube.com/watch?v=,,1
course_5,ch_5_04,les_5_04_06,topic_5_04_06_1,,https://www.youtube.com/watch?v=,,1
course_5,ch_5_04,les_5_04_07,topic_5_04_07_1,,https://www.youtube.com/watch?v=,,1
course_5,ch_5_04,les_5_04_08,topic_5_04_08_1,,https://www.youtube.com/watch?v=,,1
course_5,ch_5_04,les_5_04_09,topic_5_04_09_1,,https://www.youtube.com/watch?v=,,1
course_5,ch_5_04,les_5_04_10,topic_5_04_10_1,,https://www.youtube.com/watch?v=,,1
course_5,ch_5_05,les_5_05_01,topic_5_05_01_1,,https://www.youtube.com/watch?v=,,1
course_5,ch_5_05,les_5_05_02,topic_5_05_02_1,,https://www.youtube.com/watch?v=,,1
course_5,ch_5_05,les_5_05_03,topic_5_05_03_1,,https://www.youtube.com/watch?v=,,1
course_5,ch_5_05,les_5_05_04,topic_5_05_04_1,,https://www.youtube.com/watch?v=,,1
course_5,ch_5_05,les_5_05_05,topic_5_05_05_1,,https://www.youtube.com/watch?v=,,1
course_5,ch_5_05,les_5_05_06,topic_5_05_06_1,,https://www.youtube.com/watch?v=,,1
course_5,ch_5_05,les_5_05_07,topic_5_05_07_1,,https://www.youtube.com/watch?v=,,1
course_5,ch_5_05,les_5_05_08,topic_5_05_08_1,,https://www.youtube.com/watch?v=,,1
course_5,ch_5_05,les_5_05_09,topic_5_05_09_1,,https://www.youtube.com/watch?v=,,1
course_5,ch_5_05,les_5_05_10,topic_5_05_10_1,,https://www.youtube.com/watch?v=,,1
course_5,ch_5_06,les_5_06_01,topic_5_06_01_1,,https://www.youtube.com/watch?v=,,1
course_5,ch_5_06,les_5_06_02,topic_5_06_02_1,,https://www.youtube.com/watch?v=,,1
course_5,ch_5_06,les_5_06_03,topic_5_06_03_1,,https://www.youtube.com/watch?v=,,1
course_5,ch_5_06,les_5_06_04,topic_5_06_04_1,,https://www.youtube.com/watch?v=,,1
course_5,ch_5_06,les_5_06_05,topic_5_06_05_1,,https://www.youtube.com/watch?v=,,1
course_5,ch_5_06,les_5_06_06,topic_5_06_06_1,,https://www.youtube.com/watch?v=,,1
course_5,ch_5_06,les_5_06_07,topic_5_06_07_1,,https://www.youtube.com/watch?v=,,1
course_5,ch_5_06,les_5_06_08,topic_5_06_08_1,,https://www.youtube.com/watch?v=,,1
course_5,ch_5_06,les_5_06_09,topic_5_06_09_1,,https://www.youtube.com/watch?v=,,1
course_5,ch_5_06,les_5_06_10,topic_5_06_10_1,,https://www.youtube.com/watch?v=,,1
course_6,ch_6_01,les_6_01_01,topic_6_01_01_1,,https://www.youtube.com/watch?v=,,1
course_6,ch_6_01,les_6_01_02,topic_6_01_02_1,,https://www.youtube.com/watch?v=,,1
course_6,ch_6_01,les_6_01_03,topic_6_01_03_1,,https://www.youtube.com/watch?v=,,1
course_6,ch_6_01,les_6_01_04,topic_6_01_04_1,,https://www.youtube.com/watch?v=,,1
course_6,ch_6_01,les_6_01_05,topic_6_01_05_1,,https://www.youtube.com/watch?v=,,1
course_6,ch_6_01,les_6_01_06,topic_6_01_06_1,,https://www.youtube.com/watch?v=,,1
course_6,ch_6_01,les_6_01_07,topic_6_01_07_1,,https://www.youtube.com/watch?v=,,1
course_6,ch_6_01,les_6_01_08,topic_6_01_08_1,,https://www.youtube.com/watch?v=,,1
course_6,ch_6_01,les_6_01_09,topic_6_01_09_1,,https://www.youtube.com/watch?v=,,1
course_6,ch_6_02,les_6_02_01,topic_6_02_01_1,,https://www.youtube.com/watch?v=,,1
course_6,ch_6_02,les_6_02_02,topic_6_02_02_1,,https://www.youtube.com/watch?v=,,1
course_6,ch_6_02,les_6_02_03,topic_6_02_03_1,,https://www.youtube.com/watch?v=,,1
course_6,ch_6_02,les_6_02_04,topic_6_02_04_1,,https://www.youtube.com/watch?v=,,1
course_6,ch_6_02,les_6_02_05,topic_6_02_05_1,,https://www.youtube.com/watch?v=,,1
course_6,ch_6_02,les_6_02_06,topic_6_02_06_1,,https://www.youtube.com/watch?v=,,1
course_6,ch_6_02,les_6_02_07,topic_6_02_07_1,,https://www.youtube.com/watch?v=,,1
course_6,ch_6_02,les_6_02_08,topic_6_02_08_1,,https://www.youtube.com/watch?v=,,1
course_6,ch_6_02,les_6_02_09,topic_6_02_09_1,,https://www.youtube.com/watch?v=,,1
course_6,ch_6_02,les_6_02_10,topic_6_02_10_1,,https://www.youtube.com/watch?v=,,1
course_6,ch_6_03,les_6_03_01,topic_6_03_01_1,,https://www.youtube.com/watch?v=,,1
course_6,ch_6_03,les_6_03_02,topic_6_03_02_1,,https://www.youtube.com/watch?v=,,1
course_6,ch_6_03,les_6_03_03,topic_6_03_03_1,,https://www.youtube.com/watch?v=,,1
course_6,ch_6_03,les_6_03_04,topic_6_03_04_1,,https://www.youtube.com/watch?v=,,1
course_6,ch_6_03,les_6_03_05,topic_6_03_05_1,,https://www.youtube.com/watch?v=,,1
course_6,ch_6_03,les_6_03_06,topic_6_03_06_1,,https://www.youtube.com/watch?v=,,1
course_6,ch_6_03,les_6_03_07,topic_6_03_07_1,,https://www.youtube.com/watch?v=,,1
course_6,ch_6_03,les_6_03_08,topic_6_03_08_1,,https://www.youtube.com/watch?v=,,1
course_6,ch_6_03,les_6_03_09,topic_6_03_09_1,,https://www.youtube.com/watch?v=,,1
course_6,ch_6_03,les_6_03_10,topic_6_03_10_1,,https://www.youtube.com/watch?v=,,1
course_6,ch_6_04,les_6_04_01,topic_6_04_01_1,,https://www.youtube.com/watch?v=,,1
course_6,ch_6_04,les_6_04_02,topic_6_04_02_1,,https://www.youtube.com/watch?v=,,1
course_6,ch_6_04,les_6_04_03,topic_6_04_03_1,,https://www.youtube.com/watch?v=,,1
course_6,ch_6_04,les_6_04_04,topic_6_04_04_1,,https://www.youtube.com/watch?v=,,1
course_6,ch_6_04,les_6_04_05,topic_6_04_05_1,,https://www.youtube.com/watch?v=,,1
course_6,ch_6_04,les_6_04_06,topic_6_04_06_1,,https://www.youtube.com/watch?v=,,1
course_6,ch_6_04,les_6_04_07,topic_6_04_07_1,,https://www.youtube.com/watch?v=,,1
course_6,ch_6_04,les_6_04_08,topic_6_04_08_1,,https://www.youtube.com/watch?v=,,1
course_6,ch_6_04,les_6_04_09,topic_6_04_09_1,,https://www.youtube.com/watch?v=,,1
course_6,ch_6_04,les_6_04_10,topic_6_04_10_1,,https://www.youtube.com/watch?v=,,1
course_6,ch_6_05,les_6_05_01,topic_6_05_01_1,,https://www.youtube.com/watch?v=,,1
course_6,ch_6_05,les_6_05_02,topic_6_05_02_1,,https://www.youtube.com/watch?v=,,1
course_6,ch_6_05,les_6_05_03,topic_6_05_03_1,,https://www.youtube.com/watch?v=,,1
course_6,ch_6_05,les_6_05_04,topic_6_05_04_1,,https://www.youtube.com/watch?v=,,1
course_6,ch_6_05,les_6_05_05,topic_6_05_05_1,,https://www.youtube.com/watch?v=,,1
course_6,ch_6_05,les_6_05_06,topic_6_05_06_1,,https://www.youtube.com/watch?v=,,1
course_6,ch_6_05,les_6_05_07,topic_6_05_07_1,,https://www.youtube.com/watch?v=,,1
course_6,ch_6_05,les_6_05_08,topic_6_05_08_1,,https://www.youtube.com/watch?v=,,1
course_6,ch_6_05,les_6_05_09,topic_6_05_09_1,,https://www.youtube.com/watch?v=,,1
course_6,ch_6_05,les_6_05_10,topic_6_05_10_1,,https://www.youtube.com/watch?v=,,1
course_6,ch_6_06,les_6_06_01,topic_6_06_01_1,,https://www.youtube.com/watch?v=,,1
course_6,ch_6_06,les_6_06_02,topic_6_06_02_1,,https://www.youtube.com/watch?v=,,1
course_6,ch_6_06,les_6_06_03,topic_6_06_03_1,,https://www.youtube.com/watch?v=,,1
course_6,ch_6_06,les_6_06_04,topic_6_06_04_1,,https://www.youtube.com/watch?v=,,1
course_6,ch_6_06,les_6_06_05,topic_6_06_05_1,,https://www.youtube.com/watch?v=,,1
course_6,ch_6_06,les_6_06_06,topic_6_06_06_1,,https://www.youtube.com/watch?v=,,1
course_6,ch_6_06,les_6_06_07,topic_6_06_07_1,,https://www.youtube.com/watch?v=,,1
course_6,ch_6_06,les_6_06_08,topic_6_06_08_1,,https://www.youtube.com/watch?v=,,1
course_6,ch_6_06,les_6_06_09,topic_6_06_09_1,,https://www.youtube.com/watch?v=,,1
course_6,ch_6_06,les_6_06_10,topic_6_06_10_1,,https://www.youtube.com/watch?v=,,1
